{
  "$schema": "https://schema.management.azure.com/schemas/2019-04-01/deploymentTemplate.json#",
  "contentVersion": "1.0.0.0",
  "metadata": {
    "_generator": {
      "name": "bicep",
      "version": "0.6.18.56646",
      "templateHash": "4523590120167697900"
    }
  },
  "parameters": {
    "storageAccountType": {
      "type": "string",
      "defaultValue": "Standard_LRS",
      "allowedValues": [
        "Premium_LRS",
        "Premium_ZRS",
        "Standard_GRS",
        "Standard_GZRS",
        "Standard_LRS",
        "Standard_RAGRS",
        "Standard_RAGZRS"
      ],
      "metadata": {
        "description": "Storage Account type"
      }
    },
    "location": {
      "type": "string",
      "defaultValue": "[resourceGroup().location]",
      "metadata": {
        "description": "Location for the storage account."
      }
    },
    "storageAccountName": {
      "type": "string",
      "defaultValue": "[format('store{0}', uniqueString(resourceGroup().id))]",
      "metadata": {
        "description": "The name of the Storage Account"
      }
    }
  },
  "resources": [
    {
      "type": "Microsoft.Storage/storageAccounts",
      "apiVersion": "2021-06-01",
      "name": "[parameters('storageAccountName')]",
      "location": "[parameters('location')]",
      "sku": {
        "name": "[parameters('storageAccountType')]"
      },
      "kind": "StorageV2",
      "properties": {}
    }
  ],
  "outputs": {
    "storageAccountName": {
      "type": "string",
      "value": "[parameters('storageAccountName')]"
    },
    "storageAccountId": {
      "type": "string",
      "value": "[resourceId('Microsoft.Storage/storageAccounts', parameters('storageAccountName'))]"
    }
  }
}